{
  "League": "League One",
  "train_rows": 208,
  "holdout_rows": 24,
  "rmse": 16.137971060000755,
  "mae": 13.632195051174941,
  "r2": 0.22335752504943784,
  "prediction_interval_coverage": 0.875
}