{
  "League": "League One",
  "train_rows": 208,
  "holdout_rows": 24,
  "rmse": 1991.539318947005,
  "mae": 1988.4180403313828,
  "r2": -11826.720255204476
}