{
  "n_fit_rows": 1233,
  "oob_score_r2": 0.39387243643739045,
  "oob_rmse": 13.352411901393554,
  "oob_mae": 10.3784681665399,
  "oob_residual_std": 13.357298493353444,
  "oob_residual_mean_bias": 0.11908999953667158
}