Feature,Coefficient,AbsCoefficient
Prev Goals Against,-0.20610170898171287,0.20610170898171287
Prev Expenditure,0.10797433627608365,0.10797433627608365
Prev Goals For,0.05998140002492123,0.05998140002492123
Prev Squad Value,0.007307793567029141,0.007307793567029141
Prev Expenditure_missing,0.0012509204023385366,0.0012509204023385366
Prev Avg. Squad Age,-0.0,0.0
Prev Income,0.0,0.0
Prev Points,0.0,0.0
Prev Income_missing,0.0,0.0
