{
  "league": "League Two",
  "n_train": 176,
  "n_holdout": 22,
  "alpha": 0.06951324167588019,
  "l1_ratio": 0.9988068576037905,
  "n_active_features": 5,
  "train_r2": 0.09617186538087241,
  "train_rmse": 14.170619111899457,
  "val_rmse": 0.8108699879939388,
  "holdout_rmse": 12.445988314710318,
  "holdout_mae": 10.497889539481356,
  "holdout_r2": -0.019151630727997526
}