{
  "season": "2023/24",
  "holdout_rows": 151,
  "rmse": 13.943825798596533,
  "mae": 10.686437421792869,
  "r2": 0.4023434434004367,
  "mape_pct": 22.552918172740792,
  "bias_mean_error": -0.6870173658410501,
  "prediction_interval_coverage": 0.9668874172185431
}