{
  "league": "Ligue One",
  "n_train": 140,
  "n_holdout": 15,
  "alpha": 0.00012907283648328947,
  "l1_ratio": 0.01317673246334039,
  "n_active_features": 9,
  "train_r2": 0.4127008295456477,
  "train_rmse": 12.861541652181408,
  "val_rmse": 0.7343391162542787,
  "holdout_rmse": 12.181224412246406,
  "holdout_mae": 8.970590716494785,
  "holdout_r2": 0.4212460329917267
}