Feature,Coefficient,AbsCoefficient
Prev Goals For,0.5389973376651864,0.5389973376651864
Prev Goals Against,-0.4711432238439684,0.4711432238439684
Prev Points,-0.3191776642916187,0.3191776642916187
Prev Squad Value,0.20664904309210333,0.20664904309210333
Prev Income,0.10947799428006455,0.10947799428006455
Prev Income_missing,-0.08884029595545916,0.08884029595545916
Prev Avg. Squad Age,0.026286320372909355,0.026286320372909355
Prev Expenditure_missing,-0.017664868933143587,0.017664868933143587
Prev Expenditure,0.0006345108809118116,0.0006345108809118116
