League,Feature,MeanCoefficient,AbsMeanCoefficient,SD,HDILower,HDIUpper,ProbabilityPositive,ProbabilityNegative,RobustNonZero,Direction,IntervalProbability,AbsMeanRank,RobustRank
League Two,Prev Expenditure,0.43273902866154895,0.43273902866154895,0.19978718210130872,0.09151293588020237,0.8423438461089935,0.9935,0.0065,True,positive,0.94,2.0,1
League Two,Prev Goals Against,-0.32400535951356946,0.32400535951356946,0.06274406326444032,-0.4533004702516913,-0.21595277671584012,0.0,1.0,True,negative,0.94,3.0,2
League Two,Prev Goals For,0.300806674751518,0.300806674751518,0.09092327584214255,0.1100096725285693,0.4566515614394199,0.99925,0.00075,True,positive,0.94,4.0,3
League Two,Prev Squad Value,0.4539282579061148,0.4539282579061148,0.26668750495610316,-0.014674833851519554,0.9529780933371156,0.946,0.054,False,mixed,0.94,1.0,4
League Two,Prev Season Result,-0.1720492852198201,0.1720492852198201,0.1010260972373065,-0.3600839001086351,0.017845797105659474,0.04725,0.95275,False,mixed,0.94,5.0,5
League Two,Prev Income_missing,0.06380955691884717,0.06380955691884717,0.09978932634318213,-0.1167887168610948,0.2601829323802534,0.75125,0.24875,False,mixed,0.94,6.0,6
League Two,Prev Expenditure_missing,-0.05600887972902255,0.05600887972902255,0.18031655496114724,-0.3800916962534554,0.28528323740878686,0.34425,0.65575,False,mixed,0.94,7.0,7
League Two,Prev Avg. Squad Age,-0.028784717079132324,0.028784717079132324,0.04659193628527888,-0.11585692767795414,0.059525851019916816,0.2435,0.7565,False,mixed,0.94,8.0,8
League Two,Prev Income,-0.014257412444579334,0.014257412444579334,0.1241073161553008,-0.22395491168797108,0.26216949365957637,0.32975,0.67025,False,mixed,0.94,9.0,9
