League,Feature,MeanCoefficient,AbsMeanCoefficient,SD,HDILower,HDIUpper,ProbabilityPositive,ProbabilityNegative,RobustNonZero,Direction,IntervalProbability,AbsMeanRank,RobustRank
League Two,Prev Expenditure,0.40824349440342456,0.40824349440342456,0.16490817702044658,0.10604716673327187,0.7464674024547815,0.99675,0.00325,True,positive,0.94,2.0,1
League Two,Prev Goals Against,-0.3133491660961626,0.3133491660961626,0.05411733052629163,-0.4270649933444937,-0.21889673504294235,0.0,1.0,True,negative,0.94,3.0,2
League Two,Prev Goals For,0.306997630024794,0.306997630024794,0.07830923203685454,0.14037086307565458,0.4453506764797517,0.999,0.001,True,positive,0.94,4.0,3
League Two,Prev Squad Value,0.5253601576877159,0.5253601576877159,0.2668511612862816,-0.008404964776154402,0.9145691005348958,0.95575,0.04425,False,mixed,0.94,1.0,4
League Two,Prev Points,-0.1784096608110464,0.1784096608110464,0.08560141878216039,-0.3329313682845267,0.006467602586506534,0.0355,0.9645,False,mixed,0.94,5.0,5
League Two,Prev Income_missing,0.08084483346940666,0.08084483346940666,0.08927953163112398,-0.09993647250012135,0.2450417652210163,0.81675,0.18325,False,mixed,0.94,6.0,6
League Two,Prev Expenditure_missing,-0.06706394801566663,0.06706394801566663,0.15818161129386074,-0.3786022501505891,0.24798123018123117,0.2375,0.7625,False,mixed,0.94,7.0,7
League Two,Prev Avg. Squad Age,-0.048987070856340055,0.048987070856340055,0.04692492557165544,-0.13243414930542385,0.030756968178788015,0.15375,0.84625,False,mixed,0.94,8.0,8
League Two,Prev Income,-0.03564944888948372,0.03564944888948372,0.09874052118615925,-0.2047986619915357,0.1711242669335273,0.20875,0.79125,False,mixed,0.94,9.0,9
