{
  "League": "League Two",
  "train_rows": 198,
  "holdout_rows": 22,
  "rmse": 12.044710946462642,
  "mae": 10.154369953669821,
  "r2": 0.045506906865082075,
  "prediction_interval_coverage": 1.0
}