{
  "League": "League Two",
  "train_rows": 198,
  "holdout_rows": 22,
  "rmse": 12.119169480504107,
  "mae": 10.185094755839584,
  "r2": 0.033669374337499614,
  "prediction_interval_coverage": 1.0
}