League,Feature,MeanCoefficient,AbsMeanCoefficient,SD,HDILower,HDIUpper,ProbabilityPositive,ProbabilityNegative,RobustNonZero,Direction,IntervalProbability,AbsMeanRank,RobustRank
League Two,Prev Expenditure,0.40824349440342456,0.40824349440342456,0.16490817702044658,0.10604716673327187,0.7464674024547815,0.99675,0.00325,True,positive,0.94,2.0,1
League Two,Prev Goals Against,-0.3133491660961626,0.3133491660961626,0.05411733052629163,-0.4270649933444937,-0.21889673504294235,0.0,1.0,True,negative,0.94,3.0,2
League Two,Prev Goals For,0.306997630024794,0.306997630024794,0.07830923203685454,0.14037086307565458,0.4453506764797517,0.999,0.001,True,positive,0.94,4.0,3
