League,Feature,MeanCoefficient,AbsMeanCoefficient,SD,HDILower,HDIUpper,ProbabilityPositive,ProbabilityNegative,RobustNonZero,Direction,IntervalProbability,AbsMeanRank,RobustRank
League Two,Prev Expenditure,0.43117643481557194,0.43117643481557194,0.20737558036961393,0.07429736990272662,0.8504342318994166,0.99225,0.00775,True,positive,0.94,2.0,1
League Two,Prev Goals Against,-0.3236687413192457,0.3236687413192457,0.062123767231549575,-0.4541836327120657,-0.21953417368954226,0.0,1.0,True,negative,0.94,3.0,2
League Two,Prev Goals For,0.29811221173551183,0.29811221173551183,0.08832568310919517,0.12917953407871963,0.4635699734649462,0.9985,0.0015,True,positive,0.94,4.0,3
League Two,Prev Squad Value,0.4526729535364948,0.4526729535364948,0.2634478238066251,-0.06044151625109122,0.8962099689784769,0.947,0.053,False,mixed,0.94,1.0,4
League Two,Prev Points,-0.17036268718345743,0.17036268718345743,0.10053604797063384,-0.35283205145592145,0.030598872577608738,0.05125,0.94875,False,mixed,0.94,5.0,5
League Two,Prev Income_missing,0.06531506690119213,0.06531506690119213,0.1001425530433832,-0.12239913883651932,0.25218311983878916,0.7415,0.2585,False,mixed,0.94,6.0,6
League Two,Prev Expenditure_missing,-0.05441093273583472,0.05441093273583472,0.1831095502840438,-0.36614203065104556,0.3031668084182313,0.3505,0.6495,False,mixed,0.94,7.0,7
League Two,Prev Avg. Squad Age,-0.029907497752406084,0.029907497752406084,0.045781989615259464,-0.11302256045172404,0.05864724929165155,0.24175,0.75825,False,mixed,0.94,8.0,8
League Two,Prev Income,-0.0075593569195961914,0.0075593569195961914,0.12868158041872282,-0.2391875449677102,0.24620831830444642,0.35675,0.64325,False,mixed,0.94,9.0,9
