{
  "League": "League Two",
  "train_rows": 198,
  "holdout_rows": 22,
  "rmse": 987.1027140411079,
  "mae": 986.5957470847787,
  "r2": -6409.689137955842
}