{
  "League": "League Two",
  "train_rows": 198,
  "holdout_rows": 22,
  "rmse": 12.06222082399723,
  "mae": 10.113863768868338,
  "r2": 0.04272972018750698,
  "prediction_interval_coverage": 1.0
}