League,train_rows,holdout_rows,rmse,mae,r2
Championship,208,19,1934.7673067764606,1931.8294037771002,-13392.927722960645
League One,208,24,2072.45221982782,2069.2203012461496,-12807.32466243318
League Two,198,22,1069.0788964052642,1068.5462075467485,-7518.683111055997
Premier League,179,19,2851.0352902810887,2847.7147290827684,-31889.983825376796
