{
  "best_value": 13.458324762090307,
  "best_params": {
    "n_estimators": 800,
    "max_depth": 7,
    "min_samples_split": 2,
    "min_samples_leaf": 1,
    "max_features": 0.7016992519725151,
    "max_samples": 0.6780927027661945
  },
  "best_trial": 32,
  "cv_fold_val_seasons": [
    "2017/18",
    "2018/19",
    "2019/20",
    "2020/21",
    "2021/22",
    "2022/23"
  ],
  "best_trial_fold_rmses": [
    13.247568081009076,
    13.309455256335355,
    14.707977212757319,
    12.585243502772919,
    13.706367931677743,
    13.193336587989418
  ]
}