League,Feature,MeanCoefficient,AbsMeanCoefficient,SD,HDILower,HDIUpper,ProbabilityPositive,ProbabilityNegative,RobustNonZero,Direction,IntervalProbability,AbsMeanRank,RobustRank
Premier League,Prev Squad Value,0.900308740058647,0.900308740058647,0.1508837035118949,0.687784680016015,1.1656256532175058,1.0,0.0,True,positive,0.94,1.0,1
Premier League,Prev Goals For,0.3540921656739675,0.3540921656739675,0.0771407636840797,0.19276143747110996,0.47567774681669034,1.0,0.0,True,positive,0.94,3.0,2
Premier League,Prev Goals Against,-0.33836876319446785,0.33836876319446785,0.06949090215845052,-0.44885109410158247,-0.20050037930184428,0.0,1.0,True,negative,0.94,4.0,3
Premier League,Prev Expenditure,0.28980093708726756,0.28980093708726756,0.1266001944700865,0.08897777859578744,0.470813733274721,0.98975,0.01025,True,positive,0.94,5.0,4
Premier League,Prev Points,-0.20090889080956087,0.20090889080956087,0.09110281362559683,-0.3632977683627618,-0.0147908463566622,0.02325,0.97675,True,negative,0.94,6.0,5
Premier League,Prev Expenditure_missing,-0.3592330696901751,0.3592330696901751,0.33772960064187074,-1.0063691602980032,0.2834745866385229,0.0655,0.9345,False,mixed,0.94,2.0,6
Premier League,Prev Income,-0.0559755950958962,0.0559755950958962,0.03208605006738407,-0.11053542847205049,0.010478234895647871,0.052,0.948,False,mixed,0.94,7.0,7
Premier League,Prev Income_missing,0.04444953743272611,0.04444953743272611,0.1764824632742866,-0.3290689963940587,0.2898936646944161,0.71425,0.28575,False,mixed,0.94,8.0,8
Premier League,Prev Avg. Squad Age,-0.0440269530611609,0.0440269530611609,0.04252820964887263,-0.12937290711577717,0.037390647163021574,0.09675,0.90325,False,mixed,0.94,9.0,9
