{
  "League": "Premier League",
  "train_rows": 179,
  "holdout_rows": 19,
  "rmse": 11.950740034131554,
  "mae": 8.673918110386955,
  "r2": 0.43965909187730434,
  "prediction_interval_coverage": 0.9473684210526315
}