League,Feature,MeanCoefficient,AbsMeanCoefficient,SD,HDILower,HDIUpper,ProbabilityPositive,ProbabilityNegative,RobustNonZero,Direction,IntervalProbability,AbsMeanRank,RobustRank
Premier League,Prev Squad Value,0.900308740058647,0.900308740058647,0.1508837035118949,0.687784680016015,1.1656256532175058,1.0,0.0,True,positive,0.94,1.0,1
Premier League,Prev Goals For,0.3540921656739675,0.3540921656739675,0.0771407636840797,0.19276143747110996,0.47567774681669034,1.0,0.0,True,positive,0.94,3.0,2
Premier League,Prev Goals Against,-0.33836876319446785,0.33836876319446785,0.06949090215845052,-0.44885109410158247,-0.20050037930184428,0.0,1.0,True,negative,0.94,4.0,3
Premier League,Prev Expenditure,0.28980093708726756,0.28980093708726756,0.1266001944700865,0.08897777859578744,0.470813733274721,0.98975,0.01025,True,positive,0.94,5.0,4
Premier League,Prev Points,-0.20090889080956087,0.20090889080956087,0.09110281362559683,-0.3632977683627618,-0.0147908463566622,0.02325,0.97675,True,negative,0.94,6.0,5
