League,Feature,MeanCoefficient,AbsMeanCoefficient,SD,HDILower,HDIUpper,ProbabilityPositive,ProbabilityNegative,RobustNonZero,Direction,IntervalProbability,AbsMeanRank,RobustRank
Premier League,Prev Squad Value,0.9601089604428789,0.9601089604428789,0.13654270597904286,0.7010333427614936,1.2108489873490136,1.0,0.0,True,positive,0.94,1.0,1
Premier League,Prev Goals For,0.3524426208471915,0.3524426208471915,0.0890818602723636,0.19850326872672924,0.5300982329899105,1.0,0.0,True,positive,0.94,2.0,2
Premier League,Prev Goals Against,-0.3306947561781524,0.3306947561781524,0.07588176396153075,-0.47626693056636216,-0.19323639925257788,0.0,1.0,True,negative,0.94,4.0,3
Premier League,Prev Expenditure,0.22733042283193716,0.22733042283193716,0.1042273682793228,0.024758704737812373,0.4137483283267198,0.98275,0.01725,True,positive,0.94,5.0,4
Premier League,Prev Season Result,-0.20161048814801955,0.20161048814801955,0.11052240637074387,-0.42785878193291027,-0.0075603908490434225,0.02925,0.97075,True,negative,0.94,6.0,5
