{
  "League": "Premier League",
  "train_rows": 179,
  "holdout_rows": 19,
  "rmse": 2851.0352902810887,
  "mae": 2847.7147290827684,
  "r2": -31889.983825376796
}