{
  "League": "Premier League",
  "train_rows": 179,
  "holdout_rows": 19,
  "rmse": 11.9705920846512,
  "mae": 8.652643630561723,
  "r2": 0.4377959176692372,
  "prediction_interval_coverage": 0.9473684210526315
}