League,Feature,MeanCoefficient,AbsMeanCoefficient,SD,HDILower,HDIUpper,ProbabilityPositive,ProbabilityNegative,RobustNonZero,Direction,IntervalProbability,AbsMeanRank,RobustRank
League Two,Prev Expenditure,0.43273902866154895,0.43273902866154895,0.19978718210130872,0.09151293588020237,0.8423438461089935,0.9935,0.0065,True,positive,0.94,2.0,1
League Two,Prev Goals Against,-0.32400535951356946,0.32400535951356946,0.06274406326444032,-0.4533004702516913,-0.21595277671584012,0.0,1.0,True,negative,0.94,3.0,2
League Two,Prev Goals For,0.300806674751518,0.300806674751518,0.09092327584214255,0.1100096725285693,0.4566515614394199,0.99925,0.00075,True,positive,0.94,4.0,3
