{
  "league": "Serie A",
  "n_train": 135,
  "n_holdout": 17,
  "alpha": 0.1134773248244049,
  "l1_ratio": 0.6581539591431409,
  "n_active_features": 5,
  "train_r2": 0.7107479919597701,
  "train_rmse": 9.645001226388265,
  "val_rmse": 0.7560019669224225,
  "holdout_rmse": 10.625976462096345,
  "holdout_mae": 8.045449747360092,
  "holdout_r2": 0.6768529649593544
}