{
  "league": "Ligue One",
  "n_train": 140,
  "n_holdout": 15,
  "alpha": 0.00010009574879623408,
  "l1_ratio": 0.0004337818197204104,
  "n_active_features": 9,
  "train_r2": 0.4127008389324043,
  "train_rmse": 12.861541549398902,
  "val_rmse": 0.734331378910538,
  "holdout_rmse": 12.181458475854072,
  "holdout_mae": 8.970778663128195,
  "holdout_r2": 0.4212237911318981
}