feature,mean_abs_shap
Prev Squad Value,0.21524317379454233
Prev Expenditure,0.1727176673221976
Prev Goals For,0.16709720938780154
Prev Income,0.13814241871704624
Prev Goals Against,0.0968221318875226
Prev Avg. Squad Age,0.0727158862646661
Prev Income_missing,0.023514416831694123
Prev Points,0.018131240341572107
Prev Expenditure_missing,0.00446990526380007
