{
  "league": "LaLiga",
  "n_train": 123,
  "n_holdout": 17,
  "alpha": 0.0368378445183044,
  "l1_ratio": 0.7930794469017464,
  "n_active_features": 8,
  "train_r2": 0.707209089003175,
  "train_rmse": 9.268611763890425,
  "val_rmse": 0.7307941795392191,
  "holdout_rmse": 11.090987372349419,
  "holdout_mae": 8.914165481916646,
  "holdout_r2": 0.5168407641108141
}