{
  "League": "League Two",
  "train_rows": 198,
  "holdout_rows": 22,
  "rmse": 1069.0788964052642,
  "mae": 1068.5462075467485,
  "r2": -7518.683111055997
}