{
  "League": "League Two",
  "train_rows": 198,
  "holdout_rows": 22,
  "rmse": 12.037026708839138,
  "mae": 10.184748886752402,
  "r2": 0.04672440592104177,
  "prediction_interval_coverage": 1.0
}