{
  "League": "League One",
  "train_rows": 208,
  "holdout_rows": 24,
  "rmse": 2072.45221982782,
  "mae": 2069.2203012461496,
  "r2": -12807.32466243318
}