{
  "League": "League One",
  "train_rows": 208,
  "holdout_rows": 24,
  "rmse": 16.194441955744722,
  "mae": 13.684826329027613,
  "r2": 0.21791267318692353,
  "prediction_interval_coverage": 0.875
}