League,Feature,MeanCoefficient,AbsMeanCoefficient,SD,HDILower,HDIUpper,ProbabilityPositive,ProbabilityNegative,RobustNonZero,Direction,IntervalProbability,AbsMeanRank,RobustRank
Championship,Prev Squad Value,0.6844748428163739,0.6844748428163739,0.14746821023433057,0.410814254735278,0.9684495265043478,1.0,0.0,True,positive,0.94,1.0,1
Championship,Prev Expenditure,0.3293246040722592,0.3293246040722592,0.107468221868549,0.12776440436643843,0.5359067781465139,0.998,0.002,True,positive,0.94,2.0,2
Championship,Prev Goals Against,-0.3018606453211784,0.3018606453211784,0.06936300196433479,-0.4247233789884095,-0.16506579676815555,0.0005,0.9995,True,negative,0.94,3.0,3
Championship,Prev Expenditure_missing,-0.28871314867991804,0.28871314867991804,0.14952656735929684,-0.5966249996602612,-0.03208339287472335,0.0215,0.9785,True,negative,0.94,4.0,4
Championship,Prev Goals For,0.26591752438750066,0.26591752438750066,0.08495350607127464,0.10209780276485772,0.42095537262504906,0.998,0.002,True,positive,0.94,5.0,5
Championship,Prev Season Result,-0.1982187196916216,0.1982187196916216,0.10303921013759662,-0.4063331899513275,-0.019885921708943766,0.027,0.973,True,negative,0.94,6.0,6
Championship,Prev Income,-0.07092687580171668,0.07092687580171668,0.05143829017500944,-0.17173812501053584,0.021340453596961496,0.06925,0.93075,False,mixed,0.94,7.0,7
Championship,Prev Income_missing,0.06318069141491366,0.06318069141491366,0.1099848074609537,-0.14830461186183955,0.2679127545923276,0.729,0.271,False,mixed,0.94,8.0,8
Championship,Prev Avg. Squad Age,-0.04529086913769784,0.04529086913769784,0.045020145962163256,-0.1280399055179543,0.04426752695625721,0.1435,0.8565,False,mixed,0.94,9.0,9
