{
  "League": "Championship",
  "train_rows": 208,
  "holdout_rows": 20,
  "rmse": 13.370794221677166,
  "mae": 10.917491959803122,
  "r2": 0.3305192550987286,
  "prediction_interval_coverage": 0.95
}