{
  "League": "Championship",
  "train_rows": 208,
  "holdout_rows": 19,
  "rmse": 13.913228470669477,
  "mae": 11.59047732506796,
  "r2": 0.3073620162330587,
  "prediction_interval_coverage": 0.9473684210526315
}