League,Feature,MeanCoefficient,AbsMeanCoefficient,SD,HDILower,HDIUpper,ProbabilityPositive,ProbabilityNegative,RobustNonZero,Direction,IntervalProbability,AbsMeanRank,RobustRank
Championship,Prev Squad Value,0.6838862719567266,0.6838862719567266,0.14659406564761754,0.41195323268744505,0.9589575943140438,1.0,0.0,True,positive,0.94,1.0,1
Championship,Prev Expenditure,0.3299883951692575,0.3299883951692575,0.10746378893474122,0.13489710501636482,0.5356988802593116,0.9985,0.0015,True,positive,0.94,2.0,2
Championship,Prev Goals Against,-0.3030725023684605,0.3030725023684605,0.0670648854190148,-0.4347070783101358,-0.18109644584373036,0.00025,0.99975,True,negative,0.94,3.0,3
Championship,Prev Expenditure_missing,-0.29246492054551204,0.29246492054551204,0.14889621672148923,-0.5784325114453934,-0.024306635909791374,0.01675,0.98325,True,negative,0.94,4.0,4
Championship,Prev Goals For,0.265283109122856,0.265283109122856,0.08286554795382672,0.10798970136771033,0.4155292090674474,0.99775,0.00225,True,positive,0.94,5.0,5
Championship,Prev Points,-0.19789608024117875,0.19789608024117875,0.09921434182044717,-0.3962580127303976,-0.01977535412195841,0.0245,0.9755,True,negative,0.94,6.0,6
Championship,Prev Income,-0.0718753856101428,0.0718753856101428,0.05228179128273864,-0.1778118506107936,0.02213687981063481,0.07225,0.92775,False,mixed,0.94,7.0,7
Championship,Prev Income_missing,0.06533944640861092,0.06533944640861092,0.1098936860322211,-0.12876935155943567,0.28623096501660533,0.7355,0.2645,False,mixed,0.94,8.0,8
Championship,Prev Avg. Squad Age,-0.04582917898726927,0.04582917898726927,0.04613643765266446,-0.13541929068857927,0.03849468815833932,0.151,0.849,False,mixed,0.94,9.0,9
