{
  "League": "Championship",
  "train_rows": 208,
  "holdout_rows": 19,
  "rmse": 1884.372774700815,
  "mae": 1881.52596534314,
  "r2": -12704.276257841526
}