{
  "League": "Championship",
  "train_rows": 208,
  "holdout_rows": 20,
  "rmse": 13.599930530206345,
  "mae": 11.101188494019324,
  "r2": 0.30737675843904044,
  "prediction_interval_coverage": 0.95
}