{
  "League": "Premier League",
  "train_rows": 179,
  "holdout_rows": 19,
  "rmse": 2725.1316934668002,
  "mae": 2721.970369223798,
  "r2": -29135.522753251094
}