{
  "League": "Premier League",
  "train_rows": 179,
  "holdout_rows": 19,
  "rmse": 12.014114393159296,
  "mae": 8.69134974052809,
  "r2": 0.4337003975639898,
  "prediction_interval_coverage": 0.9473684210526315
}