{
  "league": "LaLiga",
  "n_train": 123,
  "n_holdout": 17,
  "alpha": 0.032624803409135414,
  "l1_ratio": 0.826053701564546,
  "n_active_features": 8,
  "train_r2": 0.7076755190596895,
  "train_rmse": 9.26122614830353,
  "val_rmse": 0.7307735427395573,
  "holdout_rmse": 11.094291756765386,
  "holdout_mae": 8.908703260853965,
  "holdout_r2": 0.5165528219054178
}