League,train_rows,holdout_rows,rmse,mae,r2
Championship,208,19,1884.372774700815,1881.52596534314,-12704.276257841526
League One,208,24,1991.539318947005,1988.4180403313828,-11826.720255204476
League Two,198,22,987.1027140411079,986.5957470847787,-6409.689137955842
Premier League,179,19,2725.1316934668002,2721.970369223798,-29135.522753251094
