{
  "mode": "development",
  "train_rows": 793,
  "holdout_rows": 85,
  "holdout_season": "2024/25",
  "predictor_timing": "previous_season",
  "rmse": 13.571897034660838,
  "mae": 10.978105562318108,
  "r2": 0.3054050538590901,
  "prediction_interval_coverage": 0.9411764705882353,
  "prediction_interval_probability": 0.94,
  "divergences": 1030,
  "max_rhat": 1.5474068065887239
}