{
  "League": "Championship",
  "train_rows": 208,
  "holdout_rows": 20,
  "rmse": 13.542502945233267,
  "mae": 11.013747360054447,
  "r2": 0.3132138030944738,
  "prediction_interval_coverage": 0.95
}