{
  "League": "Championship",
  "train_rows": 208,
  "holdout_rows": 19,
  "rmse": 1934.7673067764606,
  "mae": 1931.8294037771002,
  "r2": -13392.927722960645
}