League,Feature,MeanCoefficient,AbsMeanCoefficient,SD,HDILower,HDIUpper,ProbabilityPositive,ProbabilityNegative,RobustNonZero,Direction,IntervalProbability,AbsMeanRank,RobustRank
Premier League,Prev Squad Value,0.9601089604428789,0.9601089604428789,0.13654270597904286,0.7010333427614936,1.2108489873490136,1.0,0.0,True,positive,0.94,1.0,1
Premier League,Prev Goals For,0.3524426208471915,0.3524426208471915,0.0890818602723636,0.19850326872672924,0.5300982329899105,1.0,0.0,True,positive,0.94,2.0,2
Premier League,Prev Goals Against,-0.3306947561781524,0.3306947561781524,0.07588176396153075,-0.47626693056636216,-0.19323639925257788,0.0,1.0,True,negative,0.94,4.0,3
Premier League,Prev Expenditure,0.22733042283193716,0.22733042283193716,0.1042273682793228,0.024758704737812373,0.4137483283267198,0.98275,0.01725,True,positive,0.94,5.0,4
Premier League,Prev Season Result,-0.20161048814801955,0.20161048814801955,0.11052240637074387,-0.42785878193291027,-0.0075603908490434225,0.02925,0.97075,True,negative,0.94,6.0,5
Premier League,Prev Expenditure_missing,-0.3434860635708848,0.3434860635708848,0.3503596805194864,-1.0724956644473997,0.26591670890686414,0.0975,0.9025,False,mixed,0.94,3.0,6
Premier League,Prev Income,-0.04955871829581766,0.04955871829581766,0.03630241940129453,-0.1152603367555271,0.01963582714573109,0.08775,0.91225,False,mixed,0.94,7.0,7
Premier League,Prev Avg. Squad Age,-0.04851494499682654,0.04851494499682654,0.051018548398532114,-0.15491570608668526,0.04499548721295593,0.1505,0.8495,False,mixed,0.94,8.0,8
Premier League,Prev Income_missing,-0.005992087548668825,0.005992087548668825,0.22416163631591274,-0.4303491919809412,0.38720679849005546,0.58925,0.41075,False,mixed,0.94,9.0,9
