{
  "League": "Premier League",
  "train_rows": 179,
  "holdout_rows": 19,
  "rmse": 12.01148587547883,
  "mae": 8.698798988693412,
  "r2": 0.4339481670847858,
  "prediction_interval_coverage": 0.9473684210526315
}