{
  "model_name": "student_t_varying_slopes",
  "mode": "development",
  "predictor_timing": "previous_season",
  "holdout_season": "2024/25",
  "overall_rmse": 2052.2596674725673,
  "overall_mae": 1952.1505038127805,
  "overall_r2": -15709.283232478547,
  "mean_league_rmse": 1981.8334283226586,
  "mean_league_mae": 1979.3276604131916,
  "mean_league_r2": -16402.229830456654,
  "num_leagues_with_holdout": 4,
  "divergences": 0,
  "max_rhat": 1.071287475765235
}