{
  "season": "2024/25",
  "holdout_rows": 150,
  "rmse": 13.493192200728878,
  "mae": 10.434378868456514,
  "r2": 0.3630745784091428,
  "mape_pct": 21.41629768768518,
  "bias_mean_error": -0.9387602518817196,
  "prediction_interval_coverage": 0.98
}