{
  "model_name": "normal_varying_slopes",
  "mode": "development",
  "predictor_timing": "previous_season",
  "holdout_season": "2024/25",
  "overall_rmse": 13.673916157443928,
  "overall_mae": 11.021612930514378,
  "overall_r2": 0.29492335046022566,
  "overall_prediction_interval_coverage": 0.9411764705882353,
  "mean_league_rmse": 13.453559201840907,
  "mean_league_mae": 10.884649263647672,
  "mean_league_r2": 0.25179110030999374,
  "mean_league_prediction_interval_coverage": 0.9430921052631579,
  "num_leagues_with_holdout": 4,
  "divergences": 0,
  "max_rhat": 1.0039382747773977
}