{
  "model_name": "normal_varying_slopes",
  "mode": "development",
  "predictor_timing": "previous_season",
  "holdout_season": "2024/25",
  "overall_rmse": 1967.5720414777502,
  "overall_mae": 1867.7805923879775,
  "overall_r2": -14439.448432492347,
  "mean_league_rmse": 1897.036625288932,
  "mean_league_mae": 1894.6275304957749,
  "mean_league_r2": -15019.052101063236,
  "num_leagues_with_holdout": 4,
  "divergences": 0,
  "max_rhat": 1.2285980246240669
}