{
  "league": "Serie A",
  "n_train": 135,
  "n_holdout": 17,
  "alpha": 0.12024989109872483,
  "l1_ratio": 0.6003585423973986,
  "n_active_features": 5,
  "train_r2": 0.7110245815677557,
  "train_rmse": 9.640388734391154,
  "val_rmse": 0.7554378568971837,
  "holdout_rmse": 10.622446224877594,
  "holdout_mae": 8.059468180837255,
  "holdout_r2": 0.6770676456890444
}