League,Feature,MeanCoefficient,AbsMeanCoefficient,SD,HDILower,HDIUpper,ProbabilityPositive,ProbabilityNegative,RobustNonZero,Direction,IntervalProbability,AbsMeanRank,RobustRank
League One,Prev Squad Value,0.92522049103,0.92522049103,0.182327392426048,0.6054819461350099,1.2802129314439512,1.0,0.0,True,positive,0.94,1.0,1
League One,Prev Expenditure,0.42335880404122256,0.42335880404122256,0.15191708566460554,0.16896821930476696,0.7400046239261429,0.9995,0.0005,True,positive,0.94,2.0,2
League One,Prev Goals Against,-0.2854679312846893,0.2854679312846893,0.062242984677040085,-0.4031979557839569,-0.17141761065535746,0.0,1.0,True,negative,0.94,3.0,3
League One,Prev Goals For,0.2765396948605378,0.2765396948605378,0.08643506461256659,0.10876814005486954,0.4330190896036809,0.9985,0.0015,True,positive,0.94,4.0,4
League One,Prev Expenditure_missing,-0.194282704833714,0.194282704833714,0.11719474791146114,-0.41126716890557263,0.03370914581036619,0.05425,0.94575,False,mixed,0.94,5.0,5
League One,Prev Season Result,-0.1885760062511938,0.1885760062511938,0.09856084059941503,-0.36626036141812723,0.00041469677858010565,0.02675,0.97325,False,mixed,0.94,6.0,6
League One,Prev Income_missing,0.062195527345673934,0.062195527345673934,0.09850609314419612,-0.1242438419575322,0.25034169937377876,0.744,0.256,False,mixed,0.94,7.0,7
League One,Prev Income,-0.057430707675876914,0.057430707675876914,0.08223517554011359,-0.2101312595771732,0.10897367270948839,0.204,0.796,False,mixed,0.94,8.0,8
League One,Prev Avg. Squad Age,-0.04867598665395256,0.04867598665395256,0.04494495781887479,-0.1348985333203827,0.036027276039691435,0.136,0.864,False,mixed,0.94,9.0,9
