{
  "League": "League One",
  "train_rows": 208,
  "holdout_rows": 24,
  "rmse": 15.989987540568432,
  "mae": 13.579691869798074,
  "r2": 0.2375356812697802,
  "prediction_interval_coverage": 0.875
}