League,Feature,MeanCoefficient,AbsMeanCoefficient,SD,HDILower,HDIUpper,ProbabilityPositive,ProbabilityNegative,RobustNonZero,Direction,IntervalProbability,AbsMeanRank,RobustRank
League One,Prev Squad Value,0.8844476597435383,0.8844476597435383,0.17984432148542562,0.645521728970806,1.2625473731214825,1.0,0.0,True,positive,0.94,1.0,1
League One,Prev Expenditure,0.4180407166287092,0.4180407166287092,0.13163927759700947,0.1632991460830243,0.6751769045085493,0.99925,0.00075,True,positive,0.94,2.0,2
League One,Prev Goals Against,-0.2911143911845781,0.2911143911845781,0.05302771360919509,-0.39192240221907126,-0.18438905315562543,0.0,1.0,True,negative,0.94,3.0,3
League One,Prev Goals For,0.28630361959538664,0.28630361959538664,0.07496399477871564,0.1359728283727823,0.42729398675631547,0.9995,0.0005,True,positive,0.94,4.0,4
League One,Prev Expenditure_missing,-0.2206858455562066,0.2206858455562066,0.11475601309674348,-0.3969093396195485,-0.00018758219022520467,0.035,0.965,True,negative,0.94,5.0,5
League One,Prev Points,-0.18558998390889123,0.18558998390889123,0.08181021912642444,-0.34765428447387436,-0.02087690804487758,0.01825,0.98175,True,negative,0.94,6.0,6
