League,Feature,MeanCoefficient,AbsMeanCoefficient,SD,HDILower,HDIUpper,ProbabilityPositive,ProbabilityNegative,RobustNonZero,Direction,IntervalProbability,AbsMeanRank,RobustRank
League One,Prev Squad Value,0.92522049103,0.92522049103,0.182327392426048,0.6054819461350099,1.2802129314439512,1.0,0.0,True,positive,0.94,1.0,1
League One,Prev Expenditure,0.42335880404122256,0.42335880404122256,0.15191708566460554,0.16896821930476696,0.7400046239261429,0.9995,0.0005,True,positive,0.94,2.0,2
League One,Prev Goals Against,-0.2854679312846893,0.2854679312846893,0.062242984677040085,-0.4031979557839569,-0.17141761065535746,0.0,1.0,True,negative,0.94,3.0,3
League One,Prev Goals For,0.2765396948605378,0.2765396948605378,0.08643506461256659,0.10876814005486954,0.4330190896036809,0.9985,0.0015,True,positive,0.94,4.0,4
